{"errors":[],"warnings":[],"namedChunkGroups":{"app":{"chunks":[3,1,0],"assets":["webpack-runtime-8a38c48f2db02d541886.js","webpack-runtime-8a38c48f2db02d541886.js.map","commons-f6783ede68f8c7ff9b6d.js","commons-f6783ede68f8c7ff9b6d.js.map","app-d66c801ffc3450d9b43f.js","app-d66c801ffc3450d9b43f.js.map"],"children":{},"childAssets":{}},"component---src-pages-index-js":{"chunks":[2],"assets":["component---src-pages-index-js-0af9da67c38f53c028d6.js","component---src-pages-index-js-0af9da67c38f53c028d6.js.map"],"children":{},"childAssets":{}}},"assetsByChunkName":{"app":["webpack-runtime-8a38c48f2db02d541886.js","commons-f6783ede68f8c7ff9b6d.js","app-d66c801ffc3450d9b43f.js"],"component---src-pages-index-js":["component---src-pages-index-js-0af9da67c38f53c028d6.js"]}}